{"HopFindGuaranteedMythic2Min":false,"CB_Enabled":false,"CB_Speed":25,"CollectDelay":3,"ReduceGraphics":false,"AutoCollect":true,"SpeedBoost":false,"HighValueThreshold":200000,"AutoFlyToBest":false,"ShowAutoStealButtonOnScreen":false,"LaserStealUIVisible":true,"SpeedBoost_Key":"Q","AutoLoadScript":false,"CB_Visible":false,"CB_FallIndex":200,"FindHighValueServer":false,"BrainrotThresh":"1K/s","StealUpstairsUIVisible":false,"SpeedBoost_Speed":130,"AutoPreventAFK":true,"Lockbase":true,"AutoAimbotTaser":false,"LockNearDecorationBV":false,"WebhookUrl":"","autoStealNearPet":false,"StartHopServer":false,"LastServerId":"4601690f-38da-443a-a89a-602c73b29a69","ItemList":[],"AutoBuyItem":false,"InfinityJump":false,"SB_Spam":{"REEQUIP_DELAY":0},"AutoKickOnSteal":false,"LaserStealOn":false,"CB_JumpBoost":40}