{"Auto Complete Electric Claw Quest":false,"Auto Active Observation":true,"Auto Active Buso":true,"Auto Awakene":false,"Auto Buy Random Fruit":false,"Select Chip Raid":"Flame","Auto Rejoin":false,"Teleport Island":false,"Teleport Mirage":false,"Auto Kill Players When Complete Trial":false,"Delay Hop":5,"Auto kill Dough King":false,"Add Stats":false,"Auto Kill Oni Soldier":false,"Input Tween Speed":350,"Auto Store Fruit":false,"Change Rell Size":false,"Auto Third Sea":false,"Walk On Water":true,"Auto Second Sea":false,"Auto Pull Lever":false,"Auto Load":false,"Auto Tushita":false,"Auto Active v4":false,"Auto Get Race V2-V3":false,"Auto Click":false,"Select Material":"","Bring Mob":true,"Start Farm Material":false,"Auto Lighting Event":false,"Auto Law Raid":false,"Auto Kill Selected Boss":false,"Start Farm":false,"Input JobId":"","Auto Elite Hunter":false,"Auto Get Rainbow Buso":false,"Auto Kill Red Commander":false,"Teleport Fruit":false,"Auto kill Rip Indra":false,"Hop Server Oni Solider and Red Commander":false,"Teleport Fruit [ Hop ]":false,"Buy Selected Chip":false,"Auto Stats":"Melee","Select Weapon":"Melee","Auto EliteH unter Hop":false,"Black Screen":false,"Auto Active v3":false,"Remove Notfication":false,"Auto kill Darkbeard":false,"Select Boss":"","Input Add Stats Value":1,"M1 Fruit":false,"Auto Train Race":false,"Auto Yama":false,"White Screen":false,"Auto Summon and Kill Soul Reaper":false,"Select Island":"","Accpet Quest [ Katakuri & Bone ]":false,"Auto Buy Random Fruit [ Summer Token ]":false,"Use Skill When Finish Trial":false,"Auto Fish":false,"Select Farm Mode":"Farm Level","Auto Trial":false,"Auto Saber":false,"Auto Factory":false,"Auto Trade Bones":false,"Auto Pirate raid":false,"Fps Boost":false,"Auto Buy Haki Color":false,"Auto Raid":false,"Auto Install and Choose Gear":false,"Auto Touch Pads":false,"Auto Ghoul Race":false}