[{"visible":true,"images":["rbxassetid://123946469657031","rbxassetid://113852932649070","rbxassetid://92203647814891"],"date":"09/13/2025","body":"<b><font color=\"#00FF00\">[99 NIGHTS IN THE FOREST UPDATE] 🦌</font></b>\n\n<b>🌟 Highlights</b>\n\n<b>🌲 99 Nights In The Forest</b>\n- <b>🚀 Teleports</b>\n  - 🏰 Cultist Generator Base: Added teleport button.\n  - 🌋 Volcano: Added teleport.\n- <b>💪 Entities</b>\n  - 🦂 Scorpion: Added to valid entities (Killaura support).\n- <b>⚡ Improvements</b>\n  - ⚡ Bring Speed: Upgraded A LOT.\n- <b>🌐 Translations</b>\n  - Chinese Simplified and Turkish added.\n- <b>🎨 UI</b>\n  - 🌀 Wind UI Refresh.\n- <b>🍲 Auto Cooking</b>\n  - NEW: Auto Crock Pot (Work In Progress).\n  - 🥘 Bring Food To Cook Pot: Added.\n  - 🍖 Food Choice added.","updateLogId":33,"image":{"aspectRatio":1,"banner":true,"assetId":"rbxassetid://123946469657031"},"title":"99 NIGHTS IN THE FOREST UPDATE! 🦌","videos":[{"image":"rbxassetid://113852932649070","title":"New Bring Method","url":"https://streamable.com/s41lkr"},{"image":"rbxassetid://92203647814891","title":"Translations","url":"https://streamable.com/jd4xb4"}],"new":true},{"visible":true,"images":["rbxassetid://126544347283964","rbxassetid://84598133667635","rbxassetid://96259313381768","rbxassetid://88166567452884","rbxassetid://84598133667635"],"date":"09/09/2025","body":"<b><font color=\"#00FF00\">[INK GAME & 99 NIGHTS IN THE FOREST UPDATE] 🦑🦌</font></b>\n\n<b>🌟 Highlights</b>\n\n<b>🎨 Ink Game</b>\n- <b>🛠️ Fixes</b>\n  - ⚡ Lighting God Awakening: Fixed not working.\n  - 🚫 Disable Games: Fixed toggle not working.\n- <b>🎉 Minigames</b>\n  - 🔥 Dalgona: Free Lighter option added.\n  - 💢 Mingle: New Rage Mode.\n\n<b>🌲 99 Nights In The Forest</b>\n- <b>🚀 Teleports</b>\n  - 🏰 Stronghold: New teleport button.\n  - 💎 Stronghold Diamond Chest: New teleport button.\n- <b>💪 Entity Godmode</b>\n  - Makes you completely unhitable by entities.\n- <b>🛠️ Fixes & Improvements</b>\n  - 🥣 Auto Eat: Stew & Steak Dinner now supported.\n  - ⛑️ Auto Bandage: MedKit support added.\n  - 🌸 Auto Pickup Flowers: Optimised, added visualisers, plus new Stop button.\n  - 💰 Auto Pickup Gold Stacks: Optimised with visualisers.\n  - ⚡ Bring Items Speed: Now a LOT faster.\n- <b>🎨 New Themes</b>\n  - 🌸 Lavender – soft purple / pastel theme\n  - 🌊 Ocean – deep ocean blue theme\n  - 🪸 Coral – coral pink/orange theme\n  - 🌅 Sunset – warm orange/red gradient-inspired theme\n  - 🌲 Forest – deep green nature theme\n  - 🌌 Midnight – dark indigo/purple night theme\n  - 🍋 Citrus – bright yellow/orange theme\n  - 💧 Aqua – vibrant cyan/teal theme\n  - 🍑 Peach – soft peachy orange theme\n  - ❄️ Aurora – northern lights inspired turquoise/green theme","updateLogId":32,"image":{"aspectRatio":1,"banner":true,"assetId":"rbxassetid://96259313381768"},"title":"INK GAME & 99 NIGHTS IN THE FOREST UPDATE! 🦑🦌","videos":[{"image":"rbxassetid://126544347283964","title":"Ink Game 🦑","url":"https://youtu.be/Tllc9uNggyg"},{"image":"rbxassetid://84598133667635","title":"99 Nights In The Forest 🦌","url":"https://youtu.be/XfxTGhsdUco"}],"new":false},{"visible":true,"images":["rbxassetid://122640216199797","rbxassetid://72630125124386"],"date":"08/21/2025","body":"<b><font color=\"#00FF00\">[BEDWARS, 99 NIGHTS IN THE FOREST, INK GAME UPDATE] 🛠️🚀</font></b>\n\n<b>🌟 Highlights</b>\n\n<b>🎮 Bedwars</b>\n- 🌊 Water Ambient: Immersive water effects added.\n\n<b>🌲 99 Nights In The Forest</b>\n- <b>🛠️ Fixes</b>\n  - 🪵 Bring Logs: Fixed the Stop button not working.\n- <b>🎣 Fishing</b>\n  - 🏠 Fishing Hut TP: Teleport to fishing spots.\n  - 👀 ESP: Highlights Fishing Hut & Water Hole.\n  - 🐟 Food ESP: Tracks Markel, Salmon.\n  - 🎣 100% Fishing Success: Never fail.\n  - ⚡ Instant Catch: Immediate catches.\n- <b>🚀 Main Updates</b>\n  - ❄️ Ice Aura: Auto-breaks frozen objects.\n  - 🍖 Ribs: In Food & Healing tab.\n  - 🪶 Feather: In Other Items tab.\n  - 🥣 Auto Eat Stew: Enabled.\n  - 🔄 Synced: Matches latest game version.\n\n<b>🎨 Ink Game</b>\n- <b>🛠️ Fixes</b>\n  - ⚙️ Performance: Less lag, fixed Fling Aura crash.\n  - 👗 VIP Clothing: Color glitches fixed.\n  - 👁️ Hiders ESP: Works in Hide and Seek.\n  - 🏃 Safe Spot TP: Fixed for Hide and Seek.\n  - 🛡️ Rebel Guards: TP in front for combat.\n  - 🚀 Anti-Fling: Improved protection.\n- <b>🚫 Disabled Games</b>\n  - Dalgona, Sky Squid, Jump Rope, Hide and Seek, Glass Bridge.\n- <b>💪 Tug of War</b>\n  - 🛠️ Pull Mode: Legit, Moderate, Rage options.\n- <b>🤝 Mingle</b>\n  - ⚡ Auto QTE V1: Old version (for bad executors mainly).\n  - 🌟 Auto QTE V2: New and Enhanced version.\n- <b>☁️ Sky Game</b>\n  - 🏃‍♂️ Infinite Stamina [BETA]: Run without limits.\n  - 🚫 Fall Detection Off [BETA]: Disables fall detection.\n  - 🧗 Auto Climb [BETA]: Effortless climbing.\n  - 🤝 Auto Pickup Pole: Useful.\n- <b>🎉 Fun</b>\n  - 🏃 Sprint Dash: Unlocked for style.\n- <b>🔍 Other</b>\n  - 👥 Killaura Whitelist: For Player Attach & Hiders.\n  - 😎 Jerk Emote: Added to Emotes.\n  - 📏 Sort Targets: By Distance or Health.","updateLogId":31,"image":{"aspectRatio":1,"banner":true,"assetId":"rbxassetid://122640216199797"},"title":"BEDWARS, 99 NIGHTS IN THE FOREST, INK GAME UPDATE! 🛠️🚀","video":{"url":"https://youtu.be/6D8GMIkF7PI","image":"rbxassetid://122640216199797"},"new":false},{"visible":true,"images":["rbxassetid://70900965938139","rbxassetid://75315084046877"],"date":"08/08/2025","body":"<b><font color=\"#00FF00\">[ANTICHEAT PATCH UPDATE] 🎉🔒</font></b> 🚀\n\n<b>[Main Updates]</b> 🌟\n+ ANTICHEAT PATCHED 🎉🔒\n! Added warning ⚠️ for using Aimbot until we verify that we have fully patched the detection for that 🛡️\n- Removed Gun Mods 🔫 until we patch the detection for them 🚫\n- RLGL Godmode 😎💪\n- Dalgona Immunity 🛡️🍬","updateLogId":30,"image":{"aspectRatio":1,"banner":true,"assetId":"rbxassetid://70900965938139"},"title":"ANTICHEAT PATCH UPDATE! 🎉🔒","video":{"url":"https://youtu.be/6D8GMIkF7PI","image":"rbxassetid://70900965938139"},"new":false},{"visible":true,"images":["rbxassetid://98928321910770","rbxassetid://118610595163186"],"date":"08/06/2025","body":"<b><font color=\"#FF0000\">[FORSAKEN SCRIPT LAUNCH] 🖤⚔️</font></b> 🚀\n\n<b>[Main Features]</b> 🌟\n+ Infinite Stamina ♾️\n+ Kill Aura with customizable range ⚔️\n+ Auto Win for seamless victories 🏆\n+ Auto Fix Generators for survivors 🔧\n+ Anti Death to stay alive 🛡️\n+ Auto Complete Flow Game for quick wins 🎮\n+ Full Bright Loop for better visibility ☀️\n+ Player Attach with multiple movement types 👥\n\n<b>[Player Modifications]</b> 🧑\n+ Anti AFK to prevent kicks 🕒\n+ Noclip with keybind for freedom 🚫\n+ Infinite Jump for mobility 🦘\n+ FOV Adjustment for better vision 👁️\n+ Interaction Reach Multiplier for easier interactions 📏\n+ Instant Interact for faster actions 🚀\n\n<b>[ESP Features]</b> 👀\n+ Player ESP to track others ❤️\n+ Killer ESP to spot threats 😈\n+ Survivor ESP for team awareness 🏃\n+ Generator ESP to locate objectives ⚡️\n+ Customizable ESP settings (Highlight, Distance, Transparency, Text Size) 🌟\n\n<b>[Visual & Performance]</b> 🖥️\n+ Full Bright Toggle for clear visuals ☀️\n+ Low GFX Mode for better performance ⚙️\n+ Show Coordinates for navigation 📍\n+ Anti Void to prevent falling 🕳️\n+ Reset Camera for view fixes 📷\n\n<b>[UI Settings]</b> ⚙️\n+ Open Keybind Menu for easy controls 🎹\n+ Custom Cursor Toggle for style 🖱️\n+ Menu Keybind Customization for accessibility 🔧\n+ Theme Management for personalization 🎨\n+ Save and Reset Configuration for convenience 💾","updateLogId":29,"image":{"aspectRatio":1,"banner":true,"assetId":"rbxassetid://98928321910770"},"title":"FORSAKEN SCRIPT LAUNCH! 🖤⚔️","video":{"url":"https://youtu.be/5l5IBuBDTo8","image":"rbxassetid://98928321910770"},"new":false},{"visible":true,"images":["rbxassetid://93848933990798","rbxassetid://84705356833041","rbxassetid://131391079683185"],"date":"08/05/2025","body":"<b><font color=\"#00FF00\">[AUTO CHOP, NEW THINGS & UI OVERHAUL] 🌟⚙️</font></b> 🚀\n\n<b>[FIXES]</b> 🛠️\n+ Fixed Linoria Library not working ✅\n+ Fixed Bring Items not working on Delta 🔧\n+ Fixed Killaura not working ⚔️\n+ Created new system for bring items 🆕\n+ Added default values to a bunch of dropdowns to save you time ⏱️\n\n<b>[UI Changes]</b> 🎨\n+ Redesigned dropdowns 📋\n+ Redesigned Inputs ✍️\n+ Moved from sliders to inputs in some areas 🔄\n+ Moved every bring mode in a single tab for easier use 📑\n+ Major tab redesign ✨\n\n<b>[ESP]</b> 👁️\n+ Added Children ESP 🧒\n\n<b>[Main]</b> 🚀\n+ Auto Campfire 🔥\n+ Auto Open Seed Boxes 🌱\n+ Tree Farm 🌳\n+ Auto Eat 🍽️\n+ Auto Bandage 🩹\n+ Hitbox Expansion 🎯\n\n<b>[Teleport]</b> 🌌\n+ Auto TP to Warm Place ☀️\n+ Chest TP [BETA] 🧰\n+ Child TP 👶\n+ Structure TP 🏛️\n+ Teleport to Camp ⛺\n+ Teleport to Caravan 🚛\n+ Teleport to Fairy 🧚\n+ Teleport to Anvil 🔨\n\n<b>[Auto Collect]</b> 🤖\n+ Auto Pickup Flowers 💐\n+ Auto Collect Coin Stacks 💰","updateLogId":28,"image":{"aspectRatio":1,"banner":true,"assetId":"rbxassetid://93848933990798"},"title":"AUTO CHOP, NEW THINGS & UI OVERHAUL! 🌟⚙️","video":{"url":"https://youtu.be/pYuiKESAWPU","image":"rbxassetid://93848933990798"},"new":false},{"visible":true,"images":["rbxassetid://108826121095875","rbxassetid://76023795066587","rbxassetid://71199378532210"],"date":"08/02/2025","body":"<b><font color=\"#00FF00\">[99 NIGHTS IN THE FOREST SCRIPT LAUNCH] 🌲🔥</font></b> 🚀\n\n<b>[Main Features]</b> 🛠️\n+ Reveal entire map for exploration 🗺️\n+ Teleport trees, chests, and entities (wolves, bears, aliens, etc.) 🌳🎁🐺\n+ Auto pickup flowers and gold stacks 💐💰\n+ Plant saplings and build log walls in circles 🌱🏯\n+ Cleanup logs to workbench or fire 🪵\n\n<b>[Player Modifications]</b> 🧑\n+ Adjustable walk speed and FOV 🚶👁️\n+ Toggleable speed, noclip, and infinite jump ⚡🚫🦘\n+ Anti AFK to stay active 🕒\n\n<b>[ESP Features]</b> 👀\n+ Player ESP with health and distance display ❤️📏\n+ Customizable ESP highlight, transparency, and text size 🌟\n\n<b>[Visual & Performance]</b> 🖥️\n+ Fullbright, remove fog/sky, and low GFX mode ☀️🌫️\n+ Show coordinates and instant interact 📍🚀\n\n<b>[UI Settings]</b> ⚙️\n+ Customizable keybinds, cursor, and themes 🎹🖱️🎨\n+ Save and load configurations 💾","updateLogId":27,"image":{"aspectRatio":1,"banner":true,"assetId":"rbxassetid://108826121095875"},"title":"99 NIGHTS IN THE FOREST SCRIPT LAUNCH! 🌲🔥","video":{"url":"https://youtu.be/xWp5AXAa_v8","image":"rbxassetid://108826121095875"},"new":false},{"visible":true,"images":["rbxassetid://70739733098310","rbxassetid://103353460466407"],"date":"07/28/2025","body":"<b><font color=\"#00FF00\">[NEON TRACES & WAVE TRAILS UPDATE] 🌟🌊</font></b> 🚀\n\n<b>[Fixes]</b> 🛠️\n+ Fixed Killaura on cheat engines (if there are still issues please report in #report-bugs) 🐛\n+ Optimised the Remote Middleware to prevent ping spikes 📡\n+ Optimised Killaura ⚔️\n+ Fixed cat Long Jump 🐱\n\n<b>[Neon Traces]</b> ✨\n+ Added in the Misc/World Window 🖼️\n+ Orbit Speed slider 🚀\n+ Number Circles slider 🔢\n+ Circle Size slider 📏\n+ Color Mode dropdown [Single, Gradient] 🎨\n+ 3 Color Sliders 🌈\n\n<b>[Wave Trails]</b> 🌊\n+ Added in the Misc/World Window 🖼️\n+ Fade in Color Picker 🎨\n+ Fade out Color Picker 🎨\n+ Enable Explosion Effect toggle 💥","updateLogId":26,"image":{"aspectRatio":1,"banner":true,"assetId":"rbxassetid://103353460466407"},"title":"NEON TRACES & WAVE TRAILS UPDATE! 🌟🌊","video":{"url":"https://youtu.be/Fng16a881Ig","image":"rbxassetid://70739733098310"},"new":false},{"visible":true,"images":["rbxassetid://103056715406956","rbxassetid://86444289619555","rbxassetid://88524428154798","rbxassetid://85935188652297"],"date":"07/24/2025","body":"<b><font color=\"#FFD700\">[NEW WIND UI & ANTICHEAT BYPASS] 🎉💨</font></b> 🚀\n\n<b>[Fixes]</b> 🛠️\n+ Fixed Player Attach attacking anyone in Hide And Seek ✅\n+ Fixed Guard ESP not updating when new guards spawn ✅\n\n<b>[Autowin]</b> 🏆\n+ Added Autowin Seeker support in Hide And Seek ✅\n\n<b>[Ambient]</b> 🌌\n+ Added Rich Shader ✨\n+ Added Lighting Theme 💡\n+ Added Aesthetic Lighting 🌟\n\n<b>[VIP]</b> 👑\n+ Added VIP Tag Toggle 🏷️\n+ Added Custom Clothing Toggle 👕\n+ Added Clothing Color Slider 🎨\n+ Added Custom Player Tag Toggle 📛\n+ Added Tag Input ✍️\n\n<b>[Bring Injured Player]</b> 🚑\n+ Added Bring Mode [Help, Kill, Troll] 🚀\n+ Help - Get them to the end 🤝\n+ Kill - TP them to the void 💀\n+ Troll - TP them to the start 😜\n\n<b>[FUN]</b> 🎮\n+ Added Unlock Phantom Dash 🏃‍♂️\n\n<b>[Anticheat Bypass]</b> 🛡️\n+ Patched yet another detection made by the ink game devs 💀","updateLogId":25,"image":{"aspectRatio":1,"banner":true,"assetId":"rbxassetid://86444289619555"},"title":"NEW WIND UI & ANTICHEAT BYPASS! 🎉💨","video":{"url":"https://youtu.be/rKq2LhL6O6w","image":"rbxassetid://103056715406956"},"new":false},{"updateLogId":24,"image":{"aspectRatio":1,"banner":true,"assetId":"rbxassetid://72385929509787"},"title":"ANTICHEAT PATCH UPGRADES & JUMP ROPE! 🦑⚔️","images":["rbxassetid://72385929509787"],"date":"07/20/2025","visible":true,"new":false,"body":"<b><font color=\"#FFD700\">[ANTICHEAT PATCH UPGRADES & JUMP ROPE] 🦑⚔️</font></b> 🚀\n\n<b>[Fixes]</b> 🛠️\n+ Fixed Auto Pull not working ✅\n+ Fixed Auto Skip Dialogue resulting in fps drops (50% chance it fixes itself) 📉\n\n<b>[Anticheat Patch] - UPGRADED</b> 🚀\n+ Added Block Anticheat Remote 🔒\n+ Added Spoof Fling Velocity 🛡️\n+ Added Fling Character Hook 🎣\n+ Added Anticheat Patch Version for Bad Executors 🌟\n\n<b>[Jump Rope]</b> 🪢\n+ Added Complete Jump Rope Game 🎮\n+ Added Anti Fall [beta] 🛑\n+ Added Auto Perfect [beta] ✨\n+ Added Destroy Fall Detection [beta] 💥\n\n<b>[Autowin]</b> 🏆\n+ Added Jump Rope support 🪢\n\n<b>[Coordinates]</b> 📍\n+ Added Coordinates to Misc Tab - by 3rfe#0 🗺️\n\n<b>[Killaura]</b> ⚔️\n+ Added Range Slider 🎚️"},{"updateLogId":23,"image":{"aspectRatio":1,"banner":true,"assetId":"rbxassetid://127944074932833"},"title":"PERFORMANCE & UPCOMING FEATURES! 🔨🌧️","images":["rbxassetid://127944074932833"],"date":"07/20/2025","visible":true,"new":false,"body":"<b><font color=\"#FFD700\">[PERFORMANCE & UPCOMING FEATURES] 🔨🌧️</font></b> 🚀\n\n<b>[Fixes]</b> 🛠️\n+ Fixed Adetunde Exploit resulting in ping spikes and attempting to upgrade hammer even when we don't have it 🔨\n+ Fixed Game Weather Rain module not working 🌧️\n+ Fixed Chest Stealer 🧰\n+ Optimised Remote Middleware to prevent ping spikes and fix killaura working slowly on some executors ⚡\n\n<b>[Planned]</b> 📅\n! New Profiles 👤\n! Wave Trails 🌊\n! Neon Traces ✨\n! And more 🎉"},{"visible":true,"images":["rbxassetid://116005117928958","rbxassetid://99854514828179","rbxassetid://95503745833878"],"date":"07/18/2025","body":"<b><font color=\"#FFD700\">[REBEL FIXES & More]🦑⚔️</font></b> 🚀\n\n<b>[Fixes]</b> 🛠️\n+ Fixed Voidware sometimes failing to load and inf looping into errors 🔄\n+ Fixed Anti Death not properly working while Player Attach is enabled ⚡\n+ Fixed Anti Death preventing you from teleporting to safe place 🛡️\n+ Fixed Anti Void not cleaning up after unloading Voidware 🧹\n+ Fixed Anti Death looping through safe teleporting 🔄\n+ Fixed Keys ESP in Hide And Seek 🔍\n+ Fixed Guard Aimbot not working 🎯\n\n<b>[Autowin - GlassBridge]</b> 🌉\n+ Added cooldown before teleporting to the end of the bridge to prevent noclipping and dying (15 seconds) ⏱️\n\n<b>[Killaura]</b> ⚔️\n+ Added Push Aura 💨\n\n<b>[Rebel]</b> 🏴‍☠️\n+ Added Auto Steal Guns 🔫\n\n<b>[Auto Vote]</b> 🗳️\n+ Added Auto Vote toggle ✅\n+ Added Vote Options dropdown 📜","updateLogId":22,"image":{"aspectRatio":1,"banner":true,"assetId":"rbxassetid://95503745833878"},"title":"REBEL FIXES & More! 🦑⚔️","video":{"url":"https://youtu.be/qdHeo6fwRWg","image":"rbxassetid://116005117928958"},"new":false},{"visible":true,"images":["rbxassetid://74979655716847","rbxassetid://82008369010391"],"date":"07/16/2025","body":"<b><font color=\"#FFD700\">[NEW PROFILES, KILLAURA & More]✨⚔️</font></b> 🚀\n\n<b>[Fixes]</b> 🛠️\n+ Fixed Voidware Packet not loading 🚀\n+ Fixed AutoBank on Voidware Packet 💰\n+ Optimised Chest Stealer to reduce ping spikes and fps drops ⚡\n+ Fixed Projectile Aura resulting in huge fps drops on Voidware Packet, Rise & Old 🎯\n\n<b>[All Versions]</b> 🌟\n+ NEW PROFILES Voidware Golden! ✨\n\n<b>[Killaura]</b> ⚔️\n+ Added Kaida Kit Support 🐉\n+ Added Sigrid Check toggle ✅\n+ Added Preserve Mobile Icon toggle (for mobile) 📱\n\n<b>[Misc]</b> 🛠️\n+ Added UICleanup to Cheat Engine Mode 🧹","updateLogId":21,"image":{"aspectRatio":1,"banner":true,"assetId":"rbxassetid://82008369010391"},"title":"NEW PROFILES, KILLAURA & More! ✨⚔️","video":{"url":"https://youtu.be/F1txZFrqmzc","image":"rbxassetid://82008369010391"},"new":false},{"visible":true,"images":["rbxassetid://111386082317943","rbxassetid://118055690122787","rbxassetid://109814965715244"],"date":"07/14/2025","body":"<b><font color=\"#FFD700\">[NEW UI, PLAYER ATTACH & More]🦑🎉</font></b> 🚀\n\n<b>[Fixes]</b> 🛠️\n+ Fixed Players/Guards getting invisible after completion of the dalgona game 🫥\n+ Fixed Complete Dalgona Game breaking the game camera and shiftlock 📸\n+ Fixed Guard Expand Hitbox expanding the hitbox of non-guards 🎯\n+ Fixed Guard ESP not deleting itself after the guard dies 💀\n+ Optimised Aimbot reducing fps drops significantly 🚀\n+ Fixed Cutscenes breaking after using Fix Camera 🎬\n+ Added Health Check to Aimbot ❤️\n\n<b>[Interaction]</b> 🤝\n+ Added Instant Interact ⚡\n+ Added Interaction Reach Multiplier slider 📏\n+ Added Interaction Reach ✋\n\n<b>[Red Light Green Light]</b> 🚦\n+ Added Bring Injured Player 🩹\n\n<b>[Useful Stuff]</b> 🛠️\n+ Added Auto Skip Dialogue ⏭️\n+ Added Fullbright 💡\n\n<b>[Rebel]</b> 😈\n+ Added Bring All Guards 🛡️\n\n<b>[Guard ESP]</b> 👀\n+ Added Health Checks ❤️\n\n<b>[Hide And Seek]</b> 🙈\n+ Added Infinite Stamina 🏃‍♂️\n+ Added Teleport to Safe Hiding Spot 🏠\n\n<b>[Player Attach]</b> 🧲\n+ Player Attach 🤝\n+ Attach Range 📏\n+ Movement Type [Tween, Teleport, Velocity] 🚀\n+ Stay Behind Target 👥\n+ Behind Distance ↔️\n\n<b>[Misc]</b> 🛠️\n+ Made Teleport To Safe Place teleport you back to your original position when disabled 🔄\n\n<b>[Aimbot]</b> 🎯\n+ Added Player Aimbot 👤\n+ Renamed -> Guard Aimbot 🛡️\n+ Added Wall Check 🏯\n\n<b>[Hide And Seek ESP]</b> 👀\n+ Added Escape Door ESP 🚪","updateLogId":20,"image":{"aspectRatio":1,"banner":true,"assetId":"rbxassetid://109814965715244"},"title":"NEW UI, PLAYER ATTACH & More! 🦑🎉","video":{"url":"https://youtu.be/4Gsc-rPdcCg","image":"rbxassetid://118055690122787"},"new":false},{"updateLogId":19,"image":{"aspectRatio":1,"banner":true,"assetId":"rbxassetid://139810278323928"},"title":"Aimbot, Gun Mods, Anticheat Patch & Fixes! 🦑🎲","images":["rbxassetid://134208497971108","rbxassetid://139810278323928"],"date":"07/12/2025","visible":true,"new":false,"body":"<b><font color=\"#FFD700\">[Aimbot, Gun Mods, Anticheat Patch & Fixes]🦑🎲</font></b> 🚀\n\n<b>[Fixes]</b> 🛠️\n+ Fixed Anti Fling preventing the game from teleporting u to the next stage 🚀\n+ Fixed the anticheat patches preventing some of the game's core functions from not working 🛡️\n+ Fixed Complete Dalgona Game not working on some executors 🍬\n+ Fixed Complete Glass Bridge not checking the game state 🌉\n+ Fixed the keybind menu being visible on mobile 📱\n+ Fixed Speed not disabling when toggled off ⚡\n+ Fixed Glass Bridge Autowin not working 🏆\n+ Fixed Fling Aura completely ✨\n+ Fixed Autowin Glass Bridge 🎯\n\n<b>[Rebel]</b> ⚔️\n+ Added Gun Mods 🔫\n+ Added Aimbot 🔍\n\n<b>[Misc]</b> 🛠️\n+ Added Keybind for Teleport To Safe Place 🏠\n\n<b>[Hide And Seek]</b> 🙈\n+ Added Keybind for Teleport To Hider 📍\n\n<b>[Fun]</b> 🎉\n+ Added Ghost Mode (beta version) 👻\n\n<b>[Security]</b> 🔒\n+ Added Anticheat Patch (this will fix Fling Aura not working and bypass some new anticheat detections) 🛡️\n\n<b>[Information]</b> ℹ️\n+ Added Save Settings button to make it even easier to save your settings 💾\n+ Added Reset Settings button 🔄"},{"updateLogId":18,"image":{"aspectRatio":1,"banner":true,"assetId":"rbxassetid://100256144467619"},"title":"New Ink Game Support Update! 🦑✨","images":["rbxassetid://100256144467619"],"date":"07/10/2025","visible":true,"new":false,"body":"<b><font color=\"#FFD700\">[New Ink Game Support Update]🦑✨</font></b> 🎮✨\n\n<b>[Fun]</b> 🎉\n+ Autowin [Lights Out, HideAndSeek, RedLightGreenLight, TugOfWar, Mingle, Dalgona Support] 🏆\n+ Anti Fling (beta version) 🚀\n+ Fling Aura 🔥\n+ Killaura 🔪\n\n<b>[Red Light / Green Light]</b> 🚦\n+ Godmode 😇\n+ Remove Injured Walking 🚑\n\n<b>[Dalgona]</b> 🍬\n+ Immune Dalgona Game (beta version) 🛡️\n\n<b>[Mingle]</b> 🤝\n+ Auto Mingle (beta version) 😄\n\n<b>[Glass Bridge]</b> 🌉\n+ Complete Glass Bridge Game ✅\n\n<b>[Hide And Seek]</b> 🙈\n+ Teleport To Hider 📍\n\n<b>[Rebel]</b> ⚔️\n+ Expand Guard Hitbox 🎯\n\n<b>[Misc]</b> 🛠️\n+ Emotes List 😃\n+ Play Emote 💃\n+ Stop Emoting 🛑\n+ Enable Spectator Mode 👻\n+ Teleport To Safe Place 🏠\n+ Fix Players Visibility 👀\n\n<b>[Security]</b> 🔒\n+ Anti AFK ⏰\n+ Staff Detector 🕵️"},{"visible":true,"images":["rbxassetid://130181744053779","rbxassetid://84789762481311"],"date":"07/09/2025","body":"<b><font color=\"#FFD700\">[INK GAME SUPPORT LAUNCH]</font></b> 🦑 🎲\n\n<b>[Ink Game - Main Features]</b> 🌟\n+ Complete Red Light / Green Light 🏃‍♂️\n+ Complete Dalgona Game 🍬\n+ Reveal Glass Bridge 🥾\n+ Auto Pull (Tug of War) 💪\n+ Perfect Pull (Tug of War) 🎯\n+ Remove Ragdoll Effect 🧍\n+ Anti Ragdoll + No Stun 🚫\n+ Fix Camera 📷\n+ Join Discord Server 🔗\n+ Unload Script 🗑️\n\n<b>[Ink Game - Player Modifications]</b> 🧑\n+ Walk Speed Adjustment 🚶\n+ Speed Toggle (with Keybind) ⚡\n+ Noclip (with Keybind) 🚫\n+ Infinite Jump 🦘\n+ Fly ✈️\n+ Fly Speed Adjustment 🛩️\n+ FOV Adjustment 👁️\n\n<b>[Ink Game - ESP Features]</b> 👀\n+ Player ESP ❤️\n+ Guard ESP 🛡️\n+ Hider ESP 🙈\n+ Seeker ESP 🔍\n+ Key ESP 🔑\n+ Door ESP 🚪\n+ ESP Highlight Toggle 🌟\n+ Show Distance on ESP 📏\n+ ESP Fill Transparency Slider 🌫️\n+ ESP Outline Transparency Slider 🖼️\n+ ESP Text Size Slider 🔠\n\n<b>[Ink Game - UI Settings]</b> ⚙️\n+ Open Keybind Menu 🎹\n+ Custom Cursor Toggle 🖱️\n+ Menu Keybind Customization 🔧\n+ Theme Management 🎨\n+ Save Configuration 💾","updateLogId":17,"image":{"aspectRatio":1,"banner":true,"assetId":"rbxassetid://130181744053779"},"title":"Ink Game Support Launch! 🦑 🎲","video":{"url":"https://youtu.be/2t3WgitelCs","image":"rbxassetid://84789762481311"},"new":false},{"visible":true,"images":["rbxassetid://136542351992560","rbxassetid://83549195159691"],"date":"07/07/2025","body":"<b><font color=\"#FFD700\">[ALL VERSIONS]</font></b> 🌟\n+ ✨ Added working Invisibility module (thanks pandacrazycrazy#0)\n+ ⚡ Optimised Autowin & Fixed a lot of issues with it\n+ 🎯 Added new Damage Indicator\n+ 🎭 Added PlayerAttach\n+ 💬 Added new stuff to Custom Chat\n+ 🎨 Added Hotbar Visuals\n\n<b><font color=\"#00FFFF\">[[ Player Attach ]]</font></b> 🎭\n+ 📏 Range slider\n+ 🔄 Movement Type dropdown (Teleport, Tween, Velocity)\n+ ⏱️ Tween Duration slider\n+ 🔙 Stay Behind Target toggle\n+ 📐 Behind Distance slider\n\n<b><font color=\"#00FFFF\">[[ Damage Indicator ]]</font></b> 🎯\n+ 🌈 Color Mode dropdown (Rainbow, Custom, Lunar)\n+ 🌈 Rainbow Style dropdown (Gradient, Paint)\n+ 📝 Text Mode dropdown (Rainbow, Custom, Lunar)\n+ 🎨 Custom Color toggle\n+ 🎨 Text Color color slider\n+ ✍️ Custom Text toggle\n+ 💬 Custom Messages text list\n+ 🔤 Custom Font toggle\n+ 🔤 Font dropdown\n\n<b><font color=\"#00FFFF\">[[ Custom Chat ]]</font></b> 💬\n+ 🌟 Gradient toggle\n+ 🎨 Chat Color 1 color slider\n+ 🎨 Chat Color 2 color slider\n+ 🎨 Chat Color 3 color slider\n+ 🔧 Third Chat Color toggle\n\n<b><font color=\"#00FFFF\">[[ Hotbar Visuals ]]</font></b> 🎨\n+ 🎨 Slot Color toggle\n+ 🌟 Gradient Slot Color toggle\n+ 🌈 Animated Gradient toggle\n+ 🎨 Gradient Color color slider\n+ 🎨 Gradient Color 2 color slider\n+ 🎨 Slot Color color slider\n+ 🔲 Rounding toggle\n+ 🔲 Corner Radius color slider\n+ ✨ Outline Highlight toggle\n+ 🎨 Highlight Color color slider\n+ 🔢 No Slot Numbers toggle\n\n<b><font color=\"#FFD700\">[VW REWRITE]</font></b> 🔧\n+ 👾 Added Amongus Changer\n\n<b><font color=\"#00FFFF\">[[ Autowin ]]</font></b> 🏆\n+ 📏 Added Scaffold Disable Distance slider\n+ ⚡ Optimised suffocation checks","updateLogId":16,"image":{"aspectRatio":1,"banner":true,"assetId":"rbxassetid://136542351992560"},"title":"Invisibility, PlayerAttach & Damage Indicator! 🚀","video":{"url":"https://youtu.be/WZsV4Azwl1U","image":"rbxassetid://83549195159691"},"new":false},{"visible":true,"images":["rbxassetid://99929390025841","rbxassetid://71056658426481"],"date":"07/01/2025","body":"<b><font color=\"#228B22\">[99 NIGHTS IN THE FOREST SUPPORT]</font></b> 🌲\n+ 🌟 Initial Support for 99 Nights in the Forest\n<b>Features:</b> ✨\n+ 👀 ESP Modules (Health, Fuel, Food, Scrappable, Other)\n+ 🪓 Auto Chop Trees Module\n+ 🛍️ Auto Collect Items with Custom Filters\n+ 🍲 Auto Consume & Cooking Enhancements\n+ 🔥 Teleport to Fire & Back\n+ 💡 Fullbright with Adjustable Brightness\n+ 🚶‍♂️ Teleport Walk with Speed Slider\n+ 🚫 NoClip Module\n+ ⚡ Instant Proximity Prompts\n+ 🔍 Zoom Unlocker (Infinite & Custom Modes)\n+ 🗑️ Drop, Scrap, Biofuel, and Cook Stew All Modules\n+ 🪟 GUI Window Sorting & Uninject Options\n+ 🔄 Play Again & Lobby Teleport\n<b>Enhancements:</b> ✨\n+ 🛠️ CustomRoact UI for Healthbars\n+ 📡 Optimized Resource Tracking\n+ 🐛 Bug Fixes for Stable Execution","updateLogId":15,"image":{"aspectRatio":1,"banner":true,"assetId":"rbxassetid://99929390025841"},"title":"99 Nights in the Forest Support Launch! 🌲✨","video":{"url":"https://youtu.be/xvMTM1wfV7E","image":"rbxassetid://71056658426481"},"new":false},{"visible":true,"images":["rbxassetid://129919589240643","rbxassetid://78518944194839"],"date":"06/06/2025","body":"<b><font color=\"#FFD700\">[ALL VW VERSIONS]</font></b> 🚀\n+ 💬 Custom Chat Enhancements\n<b>Features:</b> ✨\n+ ✅ Display Joins Toggle\n+ 🚪 Display Leaves Toggle\n+ 🔨 Nuker Improvements\n<b>Features:</b> ✨\n+ 💥 Break Closest Block Toggle (Work In Progress)\n+ 🏦 AutoBank Enhancements\n<b>Features:</b> ✨\n+ 🔧 Activation Dropdown (On Key, Toggle)\n+ 🛏️ BedAssist Module\n<b>Features:</b> ✨\n+ 📏 Assist Range Slider\n+ ⚡ Aim Speed Slider\n+ 📐 Max Angle Slider\n+ 🎥 First Person Only Toggle\n+ 🏪 Shop Check Toggle\n+ 📡 VW Packet Updates\n<b>Features:</b> ✨\n+ 🔍 Added AC Mod View\n+ 🏦 Added AutoBank","updateLogId":14,"image":{"aspectRatio":1,"banner":true,"assetId":"rbxassetid://78518944194839"},"title":"Nuker & BedAssist Upgrades! 🚀","video":{"url":"https://youtu.be/QoQLO3GjlYs","image":"rbxassetid://129919589240643"},"new":false},{"visible":true,"images":["rbxassetid://114973835703278","rbxassetid://126788607836429","rbxassetid://80415871728757"],"date":"05/21/2025","body":"<b><font color=\"#FFD700\">[ALL VW VERSIONS]</font></b> 🎮\n+ AC Mod View ✨\nFeatures:\n+ Remove Disguises 🕵️‍♂️\n+ Add AC mod controls (ban, kick - visual only) 🚫\n+ Parties viewer 🎉\n+ Autowin! 🏆\nFeatures:\n+ Heal Threshold ❤️\n+ Advanced anti-death system 🛡️\n+ Advanced moving system 🚀\n+ Movement Type - TP/Tween 🔄","updateLogId":13,"image":{"aspectRatio":1,"banner":true,"assetId":"rbxassetid://80415871728757"},"title":"AC Mod View & Autowin Features! 🚀","video":{"url":"https://youtu.be/I0-m_ITJkBA","image":"rbxassetid://114973835703278"},"new":false},{"visible":true,"images":["rbxassetid://74895788839955"],"date":"05/04/2025","body":"<b><font color=\"#FFD700\">[VW REWRITE]</font></b> 🚗\n- ❌ Removed ScrollGUI\n+ 📱 Optimised Mobile GUI Auto Resizing\n<b><font color=\"#FFD700\">[ALL VOIDWARE VERSIONS]</font></b> 🌌\n+ 📲 Brought back Mobile Legacy Layout (supported executors only)\n<b><font color=\"#FFD700\">[LegacyLayout]</font></b> 🌍\n- World Window/Category","updateLogId":12.1,"image":{"aspectRatio":1,"banner":true,"assetId":"rbxassetid://136573482019511"},"title":"Mobile Legacy Layout & GUI Optimizations! 🚀","video":{"url":"https://youtu.be/zF6Gjwfhq9Q","image":"rbxassetid://72016135124042"},"new":false},{"visible":true,"images":["rbxassetid://132359597726251","rbxassetid://136036218357806"],"date":"03/05/2025","body":"<b><font color=\"#FFD700\">[VW REWRITE]</font></b> 🎉\n+ 📱 On mobile the gui is now <b>scrollable</b>!\n<b><font color=\"#FFD700\">[ALL VOIDWARE VERSIONS]</font></b> 🚀\n+ 🛡️ Upgraded StaffDetector\n+ 🕵️ Added StaffFetcher\n<b><font color=\"#FFD700\">[BetterSpectator]</font></b> 👀\n+ 🏆 Added BetterSpectator (could be useful in ranked)\n<b>Features:</b> ✨\n+ 📸 Camera locking\n+ 🎒 Inventory syncing\n+ ❤️ Health syncing\n+ 🪄 Enchants syncing\n+ 🔧 Hotbar syncing","updateLogId":11,"image":{"aspectRatio":1,"banner":true,"assetId":"rbxassetid://132359597726251"},"title":"Scrollable GUI, BetterSpectator & Module Fixes! 🚀","video":{"url":"https://streamable.com/v5uxts","image":"rbxassetid://136519967947367"},"new":false},{"updateLogId":10,"image":{"aspectRatio":1,"banner":true,"assetId":"rbxassetid://134529768377808"},"title":"Module Fixes & OneTap Cooldown! 🚀","date":"26/04/2025","visible":true,"new":false,"body":"<b><font color=\"#FFD700\">[VW PACKET, REWRITE, RISE & OLD]</font></b> 🌟\n<b><font color=\"#FFD700\">[Killaura]</font></b> ⚔️\n- ❌ Removed Charge Ratio\n+ ✅ Added OneTap Cooldown for higher damage per hit\n+ 🛠️ Fixed LegitAura not properly working\n<b><font color=\"#FFD700\">[AimAssist]</font></b> 🎯\n+ 🛠️ Fixed not working when ClickAim is enabled\n<b><font color=\"#FFD700\">[Nuker]</font></b> 💣\n+ 🛠️ Fixed functionality for reliable block breaking\n<b><font color=\"#FFD700\">[AutoClicker]</font></b> 🖱️\n+ 🛠️ Fixed automatic clicking for swords and blocks\n<b><font color=\"#FFD700\">[TriggerBot]</font></b> 🔫\n+ 🛠️ Fixed trigger mechanics for accurate activation\n<b><font color=\"#FFD700\">[AutoVoidDrop & Other Modules]</font></b> 🌌\n+ 🛠️ Fixed improper match state handling to prevent yielding\n<b><font color=\"#FFD700\">[AutoBuy]</font></b> 🛒\n+ 🛠️ Fixed purchasing logic for consistent operation"},{"updateLogId":9,"image":{"aspectRatio":1,"banner":true,"assetId":"rbxassetid://139388446834629"},"title":"Emergency Fixes & Optimizations 🛠️","date":"19/04/2025","visible":true,"new":false,"body":"<b><font color=\"#FFD700\">[VW PACKET, REWRITE, RISE & OLD]</font></b> 🌟\n+ ✅ Fixed Inventory issues\n+ ✅ Fixed Killaura functionality\n+ ⚡ Optimized Killaura target finding (improved performance by fixing training room dummies check)\n+ 🛠️ Fixed lagging issues caused by UI Cleanup (temporarily removed for this emergency update)\n+ ✅ Fixed AdetundeExploit attempting upgrades without a sword\n- ❌ Removed UI Cleanup (until fixed)\n- ❌ Removed Interface (until fixed)\n- ❌ Removed HitFix (until fixed)"},{"visible":true,"images":["rbxassetid://125253820043581","rbxassetid://126488166170838"],"date":"18/04/2025","body":"<b><font color=\"#FFD700\">[CustomChat]</font></b> - NEW! 🌟\n+ ⭐ Customise your chat for even better experience\n+ ✨ Added CustomChat module which lets you customise your chat into your very own one :D\n+ 🛠️ Added fixes to the chat tags (clan tags, etc.) not appearing when executing VW\n<b>Toggles:</b>\n+ ✅ Display Kills\n+ ✅ Display Win\n+ ✅ Display Defeat\n+ ✅ Display Bed break\n+ ✅ Typewriter effect\n\n<b><font color=\"#FFD700\">[StreamerMode]</font></b> - NEW! 🌟\n+ 🎥 Added StreamerMode which will help you when making videos/showcases/etc. by hiding your name, display name and userid (not server sided)\n\n<b><font color=\"#FFD700\">[VW PACKET]</font></b> ⭐\n<b>[AutoDodge]</b>\n+ 🛠️ Fixed not working\n\n<b><font color=\"#FFD700\">[VW PACKET, RISE, OLD & REWRITE]</font></b> ⭐\n<b>[Nuker]</b>\n+ ⚡ Optimised Nuker to now ignore other blocks if its breaking a bed\n<b>[Scaffold]</b>\n+ ✨ Added AutoSwitch toggle to automatically switch to the block being placed\n<b>[Antihit V2]</b> - NEW! 🌟\n+ 🛡️ Added Antihit V2 (In a few days i'll review what the opinions on the new antihit are and choose if I'll delete the old antihit or not)","updateLogId":8,"image":{"height":0,"aspectRatio":1,"banner":true,"assetId":"rbxassetid://126689006623766"},"title":"CustomChat, StreamerMode & Antihit V2! 🌟","video":{"url":"https://youtu.be/y04vS2_siW0","image":"rbxassetid://126488166170838"},"new":false},{"visible":true,"images":["rbxassetid://90853197071579"],"date":"14/04/2025","body":"<b><font color=\"#FFD700\">[VW REWRITE, PACKET, OLD, RISE]</font></b>\n+ 🛠️ Fixed Nuker functionality for more reliable block breaking\n+ ✨ Added NoClickDelay for instant interactions\n+ 🤝 Added AutoKit for automated kit management\n\n<b><font color=\"#FFD700\">[BedProtector]</font></b>\n+ ✋ Added Hand Check to ensure correct item usage\n+ 🔄 Added AutoSwitch toggle (enabled by default) to automatically switch to the block being placed, bypassing HandCheck\n+ 🛠️ Added customizable BlockTypeCheck toggle (enabled by default) for flexible block type validation\n\n<b><font color=\"#FFD700\">[AutoWhisper]</font></b>\n+ ⚡ Optimized ground check for better performance\n+ 📏 Added Below Map Trigger toggle to activate abilities when below the map\n+ 🎚️ Added Map Threshold slider to fine-tune below-map activation\n\n<b><font color=\"#FFD700\">[BlockIn]</font></b>\n+ 🔄 Added AutoSwitch toggle (enabled by default) to automatically switch to the block being placed, bypassing HandCheck\n\n<b><font color=\"#FFD700\">[Projectile Aimbot]</font></b>\n+ 🛠️ Fixed ProjectileAimbot causing FPS drops on mobile devices\n+ 🛠️ Fixed ProjectileAimbot target visualizer running when not holding a projectile\n+ 👁️ Added TargetVisualiser toggle (enabled by default) for customizable visuals\n\n<b><font color=\"#FFD700\">[Cheat Engine Mode - VW REWRITE, OLD, PACKET, RISE]</font></b>\n+ 🛠️ Fixed Projectiles not working correctly\n+ 🎯 Added ProjectileAura support with highlight visuals for targeted entities","updateLogId":7,"image":{"height":0,"aspectRatio":1,"banner":true,"assetId":"rbxassetid://139573733848120"},"title":"Fixes & ProjectileAura Highlights 🚀","video":{"url":"https://youtu.be/n2MSIKxti7s","image":"rbxassetid://84112738077754"},"new":false},{"updateLogId":6,"image":{"height":0,"aspectRatio":1,"banner":true,"assetId":"rbxassetid://85850875702741"},"title":"Images in UpdateLog + Packet Returns! 🌟","images":["rbxassetid://108262912857461","rbxassetid://123355421196561"],"date":"12/04/2025","visible":true,"new":false,"body":"<b><font color=\"#FFD700\">[VW REWRITE, PACKET, OLD, RISE]</font></b>\n+ 🌟 Added images to the UpdateLog\n+ 🚀 VW PACKET IS BACK!\n\n<b><font color=\"#FFD700\">[VW REWRITE, PACKET]</font></b>\n+ ⚡ Optimised the nuker A LOT\n+ 🛠️ Fixed Scaffold [WoolOnly] check\n\n<b><font color=\"#FFD700\">[VW OLD, RISE]</font></b>\n+ ✨ Added block breaking gui from VW Rewrite\n\n<b><font color=\"#FFD700\">[VW REWRITE, PACKET, OLD, RISE]</font></b>\n+ ⚡ Optimised AutoWhisper - Thanks groya9633#0\n+ 🥚 Added /eggclaim chat command to claim the Cheatcode Egg!"},{"updateLogId":5,"image":{"height":0,"aspectRatio":1,"banner":true,"assetId":"rbxassetid://114630000561755"},"title":"Quick Hotfixes for Stability! 🛠️","date":"11/04/2025","visible":true,"new":false,"body":"<b><font color=\"#FFD700\">[VW Rewrite, Packet, Rise & Old]</font></b>\n+ 🛠️ Fixed Killaura not working properly across multiple scenarios\n+ 🛠️ Fixed DamageIndicator not rendering correctly\n\n<b><font color=\"#FFD700\">[VW Rewrite, Old & Rise]</font></b>\n+ ⚡ Optimized KillEffects and Killaura for smoother performance\n+ 🛠️ Fixed lagging issues on mobile devices when using ProjectileAimbot\n\n<b><font color=\"#FFD700\">[VW Rewrite]</font></b>\n+ 🛡️ Added error handling system to profiles saving for better reliability"},{"updateLogId":4,"image":{"height":0,"aspectRatio":1,"banner":true,"assetId":"rbxassetid://116729730341460"},"title":"VW UPDATE LOG INTEGRATION + FIXES! 🚀","date":"10/04/2025","visible":true,"new":false,"body":"<b><font color=\"#FFD700\">[VW Rewrite, Packet, Rise & Old]</font></b>\n+ 🌟 INTRODUCING: VW UPDATE LOG! Directly integrated into the script\n+ 🔄 Rewrote completely the config installer\n+ ⏳ (soon) Introducing system to share configs with friends and the Voidware community in just a few easy steps!\n\n<b><font color=\"#00FFFF\">[CORE VOIDWARE FIXES]</font></b>\n+ 🛠️ Fixed Voidware not loading on Ember Executor\n+ 🛠️ Fixed Voidware not loading on Ronix Executor\n\n<b><font color=\"#FFD700\">[VW Old & Rise]</font></b>\n+ 🛠️ Fixed Lumen, Umeko, Whim ProjectileAura not working\n+ 🤝 Added GinerBreadMan AutoKit support (auto destroys gumdrops)\n+ ✨ Added AutoSuffocate\n+ ✨ Added AutoVoidDrop\n+ 🛠️ Fixed DamageIndicator\n+ 🛠️ Fixed WeatherMods\n+ 🔄 Renamed GameFixer -> HitFix\n+ 🔄 Moved HitFix [Legit -> Combat Category]\n+ 🛠️ Fixed StaffFetcher not working\n+ 🛠️ Fixed QueueCardMods not properly updating the gradient\n+ ✨ Added AutoPearl\n+ 🛠️ Fixed Killaura breaking\n+ 🛠️ Fixed NightmareEmote sometimes breaking\n\n<b><font color=\"#FFD700\">[VW Rewrite, Packet]</font></b>\n+ 🔄 Moved HitFix [Legit -> Combat Category]\n+ 🛠️ Fixed AutoPearl\n\n<b><font color=\"#FFD700\">[CE Mode - VW Old, Rise] ⚙️</font></b>\n+ 🛠️ Fixed Killaura breaking\n\n<b><font color=\"#FFD700\">[CE Mode - VW Rewrite, Packet] ⚙️</font></b>\n+ 🛠️ Fixed Sword Animation not working on Killaura when [Swing Only] toggle is enabled\n\n<b><font color=\"#FFD700\">[VW Rewrite, Packet, Rise & Old]</font></b>\n+ 🛠️ Fixed Fly ProgressBar sometimes resulting in fps drops\n+ ✨ Added AutoWhisper - Thanks nonamebetoo#0 for making this\n+ 🛠️ Fixed StaffDetector running into issues\n+ ⚡ Fixed fps drop issues on executing Voidware\n+ ✨ Added [Wool Only] toggle to Scaffold\n\n<b><font color=\"#00FFFF\">[ProjectileAimbot Enhancements] 🎮</font></b>\n+ ⚡ Added Range Slider\n+ ✨ Added Outline creation on targets\n+ 🎯 Added Automatical Target Locking\n\n<b><font color=\"#00FFFF\">[AutoBuy Updates] 🏪</font></b>\n+ ✨ Added Buy Axolotls toggle\n+ 🔥 Added Pyro flamethrower support (will be purchased after emerald sword)\n\n<b><font color=\"#FFD700\">[CE Mode - VW Rewrite, Packet, Rise & Old] ⚙️</font></b>\n+ ✨ Added AutoSuffocate\n+ ✨ Added AutoVoidDrop\n+ 🛠️ Fixed issues with KitESP\n+ ✨ Added [Wool Only] toggle to Scaffold\n+ 🛠️ Fixed Nuker crashing on failing to break a block\n+ 🌟 Added little visualiser telling you when Nuker is breaking a block"},{"updateLogId":3,"image":{"height":0,"aspectRatio":1,"banner":true,"assetId":"rbxassetid://81472197220689"},"title":"Some fixes and life optimisations 🌟","date":"2/04/2025","visible":true,"new":false,"body":"<b><font color=\"#FFD700\">[VW Rewrite, Rise, Packet & Old]</font></b>\n+ 🛡️ Fixed BedProtector using bad blocks for bed defense & improved the \"too far\" message for better clarity\n+ 🛠️ Fixed BetterDavey not AutoShooting properly & breaking the cannon on shoot\n+ 📱 Added MobileControls to Fly for easier use on touch devices\n+ 🌟 Added Priority TextList to BedProtector to prioritise certain blocks as important layers\n\n<b><font color=\"#FFD700\">[VW Rewrite, Packet]</font></b>\n+ ⏳ Added Fly ProgressBar to Fly for a visual flight timer\n\n<b><font color=\"#FFD700\">[CE Mode - VW Rewrite, Packet] ⚙️</font></b>\n+ 🛠️ Fixed Fly, LongJump, and Scaffold GUIs not appearing\n+ 🛠️ Fixed Fly TP Down not functioning\n+ ✨ Fixed Performance issues with Ping\n\n<b><font color=\"#FFD700\">[VW Packet]</font></b>\n+ 🛠️ Fixed Fly TP Down not working"},{"updateLogId":2,"image":{"height":0,"aspectRatio":1,"banner":true,"assetId":"rbxassetid://120638959707703"},"title":"HUGE VOIDWARE UPDATE! 🚀","date":"1/04/2025","visible":true,"new":false,"body":"<b><font color=\"#FFD700\">[Voidware Update Log - VW Rewrite, Packet, Rise & Old Editions]</font></b>\n\n<b><font color=\"#00FFFF\">[Core Improvements] 🛠️</font></b>\n+ ✨ Added a new system to stop Voidware from loading unnecessary components, greatly improving performance and reducing crashes on low-end devices\n+ 🐛 Fixed the core switch so it now properly shows tool switching\n+ 🛠️ Fixed ShopCheck in AimAssist for better reliability\n+ ✋ Added HandCheck to BlockIn for improved accuracy\n+ 🛠️ Resolved occasional AutoBuy failures\n+ ⏳ Slowed down the core error notification for a smoother experience\n+ 🎯 Added FirstPersonCheck to AimAssist for precision\n+ 🛡️ Added an Error Handler to the GamingChair module for stability\n+ 🤝 Added Hannah AutoKit support (HannahExploit merged into it)\n- ❌ Removed HannahExploit (now part of AutoKit)\n+ 🌟 Introduced BetterDavey for a slick upgrade\n+ ⚡ BedProtector now has INF Range!\n+ ⚡ BedProtector now has CPS Slider!\n\n<b><font color=\"#00FFFF\">[Projectile Aimbot Enhancements] 🎮</font></b>\n+ ✨ Added Whim and Umeko to projectile aimbot\n\n<b><font color=\"#00FFFF\">[Projectile Aura Optimizations] 🚀</font></b>\n+ ⚡ Optimized Whim, Umeko, and Lumen for top performance\n+ 🛠️ Fixed Wallcheck to work as intended\n\n<b><font color=\"#FFD700\">[CE Mode - VW Rewrite, Packet, Rise & Old] ⚙️</font></b>\n+ 🎯 Added FirstPersonCheck to AimAssist\n+ 🛠️ Fixed AutoBuy not triggering properly\n+ 🛠️ Fixed NoFall breaking down\n+ 🛠️ Fixed AimAssist glitches\n+ 🛠️ Fixed Killaura in Legit Aura mode\n+ ⚡ Optimized Nuker for faster operation\n+ ⚡ BedProtector now has INF Range!\n+ ⚡ BedProtector now has CPS Slider!\n+ ✨ Added Legit Mode to AutoKit for safer play\n+ 🤝 Added Hannah AutoKit support (HannahExploit merged into it)\n- ❌ Removed HannahExploit (now part of AutoKit)\n\n<b><font color=\"#FFD700\">[VW Rewrite-Specific Updates] 🔧</font></b>\n+ 🛠️ Fixed ProfilesSaver so it saves correctly\n+ 🤝 Added Crypt AutoKit support\n+ 🛠️ Fixed NameTags display issues\n\n<b><font color=\"#FFD700\">[VW Packet-Specific Updates] 📦</font></b>\n! 🔄 Renamed \"Breaker\" to \"Nuker\" for clarity\n\n<b><font color=\"#FFD700\">[VW Rise & Old-Specific Updates] 🕰️</font></b>\n+ 🛠️ Fixed BlockIn functionality\n+ 🛠️ Fixed lobby loading failures\n+ 🛠️ Fixed remotes not responding\n+ 🛠️ Fixed Killaura not attacking Marina Jellyfishes\n+ 🛠️ Fixed AutoBuy consistency\n+ 🤝 Added Zeno AutoKit support\n+ 🎯 Improved Killaura MouseDown check\n- ❌ Removed ScytheExploit (patched)\n- ❌ Removed AntiLagback (patched)\n\n<b><font color=\"#FFD700\">[Code Rewrites - VW Rewrite, Packet, Rise & Old] 💻</font></b>\n+ 🔄 Rewrote QueueCardMods for better performance\n+ 🔄 Revamped HackerDetector for sharper detection\n+ ✨ Rewrote StaffDetector into StaffDetector [Enhanced] with new features\n+ 🔄 Rewrote AutoBuyDiamondUpgrades for seamless upgrades\n+ 🔄 Overhauled Invisibility for reliability\n\n<b><font color=\"#FFD700\">[VW Rise & Old-Specific Rewrites] 🕰️💻</font></b>\n+ 🔄 Rewrote HighlightVisuals for crisper visuals\n+ ✨ Upgraded StaffDetector-Roblox to StaffFetcher-Roblox with enhanced power\n+ 🔄 Revamped DamageIndicator for clearer combat feedback\n+ 🔄 Rewrote WeatherMods for better customization"},{"updateLogId":1,"image":{"height":0,"aspectRatio":1,"assetId":"rbxassetid://93751776432268"},"title":"A BIG VOIDWARE UPDATE! 🌟","date":"23/03/2025","visible":true,"new":false,"body":"<b><font color=\"#FFD700\">[VW REWRITE & PACKET & OLD & RISE]</font></b>\n<b><font color=\"#00FFFF\">[---- AUTOKIT UPDATE ----]</font></b>\n+ ✅ Fixed KALIYAH AutoKit\n+ ✅ Fixed MetalDetector AutoKit\n+ ✅ Fixed ElderTree AutoKit\n+ ✅ Fixed Cobalt AutoKit\n+ ✅ Fixed Zurot AutoKit\n+ ✅ Fixed Eldric AutoKit\n+ ✅ Fixed Hannah AutoKit\n+ ✅ Fixed Miner AutoKit\n\n+ ➕ Added Kaida Killaura support\n+ 🔄 ReAdded Wallcheck to Killaura\n+ 🎯 Added Testing Dummies in Testing Mode as valid targets\n+ 🛡️ Fixed Panic not disabling Profiles Saving resulting in your Profiles getting lost\n+ 🔄 Fixed BedPlates not auto updating\n+ 🏪 Added ShopCheck to AimAssist\n+ 🔴 Fixed Killaura Range Circle not being created after restarting Killaura\n+ 🛠️ Fixed not being able to build when KA Range Circle is enabled\n- ❌ Removed DoubleHighJump (patched)\n\n<b><font color=\"#00FFFF\">[---- ,,Failure fetching remote'' fixes ----]</font></b>\n+ ✅ Fixed finding WarlockTarget remote\n+ ✅ Fixed finding SpawnRaven remote\n\n<b><font color=\"#00FFFF\">[---- LAGGING ISSUES FIX ----]</font></b>\n+ ⚡ Fixed lag issues with Voidware caused by the new switchTool function\n\n<b><font color=\"#00FFFF\">[---- CORE FIX ----]</font></b>\n+ 🆕 Added a new system which will prevent Voidware from breaking every time the Bedwars devs rename something 💀\n<i>Reconfigured remotes: 15+</i>\n\n<b><font color=\"#FFD700\">[VW OLD & VW RISE]</font></b>\n+ 🔄 Rewrote AutoBuy\n\n<b><font color=\"#FFD700\">[VW OLD & RISE & REWRITE & PACKET] - CE MODE</font></b>\n+ ✅ Fixed AimAssist\n+ 🧱 Added Wallcheck to AimAssist\n+ 🏪 Added Shop Check to AimAssist\n<b><font color=\"#00FFFF\">[---- AUTOKIT UPDATE ----]</font></b>\n+ ➕ Added Eldric AutoKit\n+ ➕ Added Zeno AutoKit\n\n<b><font color=\"#FFD700\">[VW REWRITE & PACKET] - CE MODE</font></b>\n+ ✅ Fixed Limit to Items Killaura\n+ ✅ Fixed not loading in Lobby\n\n<b><font color=\"#00FFFF\">[CONFIG INSTALLER]</font></b>\n+ 🔧 The installer will now auto uninject Voidware to properly install the profiles"}]